FirstName,LastName,TicketNo
Alex,Johnson,1001
Jamie,Smith,1002
Casey,Williams,1003
Taylor,Brown,1004
Jordan,Jones,1005
Morgan,Garcia,1006
Avery,Miller,1007
Cameron,Davis,1008
Riley,Rodriguez,1009
Peyton,Martinez,1010
Sage,Hernandez,1011
Quinn,Lopez,1012
Rowan,Gonzalez,1013
Emery,Wilson,1014
Finley,Anderson,1015
Hayden,Thomas,1016
River,Taylor,1017
Skylar,Moore,1018
Phoenix,Jackson,1019
Oakley,Martin,1020
Sawyer,Lee,1021
Remy,Perez,1022
Dakota,Thompson,1023
Lennox,White,1024
Marlowe,Harris,1025
Sage,Sanchez,1026
Azure,Clark,1027
Rowan,Ramirez,1028
Lane,Lewis,1029
Reed,Robinson,1030
Blake,Walker,1031
Parker,Young,1032
Reese,Allen,1033
Sage,King,1034
Eden,Wright,1035
Gray,Scott,1036
Rain,Torres,1037
Star,Nguyen,1038
Vale,Hill,1039
Wren,Flores,1040
Lux,Green,1041
Bay,Adams,1042
Onyx,Baker,1043
Rue,Gonzales,1044
Leaf,Nelson,1045
Fox,Carter,1046
Blue,Mitchell,1047
Sol,Perez,1048
Kai,Roberts,1049
Neo,Turner,1050
Sky,Phillips,1051
Zen,Campbell,1052
Rio,Parker,1053
Ash,Evans,1054
Ivy,Edwards,1055
Max,Collins,1056
Joy,Stewart,1057
Lee,Sanchez,1058
Kim,Morris,1059
Sam,Rogers,1060
Lou,Reed,1061
Ray,Cook,1062
Val,Morgan,1063
Art,Bell,1064
Rex,Murphy,1065
Zoe,Bailey,1066
Eli,Rivera,1067
Eva,Cooper,1068
Ava,Richardson,1069
Leo,Cox,1070
Mia,Howard,1071
Eli,Ward,1072
Ada,Torres,1073
Ben,Peterson,1074
Amy,Gray,1075
Dan,Ramirez,1076
Ivy,James,1077
Max,Watson,1078
Zoe,Brooks,1079
Leo,Kelly,1080
Mia,Sanders,1081
Rex,Price,1082
Eva,Bennett,1083
Ben,Wood,1084
Amy,Barnes,1085
Dan,Ross,1086
Ivy,Henderson,1087
Max,Coleman,1088
Zoe,Jenkins,1089
Leo,Perry,1090
Mia,Powell,1091
Rex,Long,1092
Eva,Patterson,1093
Ben,Hughes,1094
Amy,Flores,1095
Dan,Washington,1096
Ivy,Butler,1097
Max,Simmons,1098
Zoe,Foster,1099
Leo,Gonzales,1100
Mia,Bryant,1101
Rex,Alexander,1102
Eva,Russell,1103
Ben,Griffin,1104
Amy,Diaz,1105
Dan,Hayes,1106
Ivy,Myers,1107
Max,Ford,1108
Zoe,Hamilton,1109
Leo,Graham,1110
Mia,Sullivan,1111
Rex,Wallace,1112
Eva,Woods,1113
Ben,Cole,1114
Amy,West,1115
Dan,Jordan,1116
Ivy,Owens,1117
Max,Reynolds,1118
Zoe,Fisher,1119
Leo,Ellis,1120
Mia,Harrison,1121
Rex,Gibson,1122
Eva,Mcdonald,1123
Ben,Cruz,1124
Amy,Marshall,1125
Dan,Ortiz,1126
Ivy,Gomez,1127
Max,Murray,1128
Zoe,Freeman,1129
Leo,Wells,1130
Mia,Webb,1131
Rex,Simpson,1132
Eva,Stevens,1133
Ben,Tucker,1134
Amy,Porter,1135
Dan,Hunter,1136
Ivy,Hicks,1137
Max,Crawford,1138
Zoe,Henry,1139
Leo,Boyd,1140
Mia,Mason,1141
Rex,Morales,1142
Eva,Kennedy,1143
Ben,Warren,1144
Amy,Dixon,1145
Dan,Ramos,1146
Ivy,Reyes,1147
Max,Burns,1148
Zoe,Gordon,1149
Leo,Shaw,1150
Mia,Holmes,1151
Rex,Rice,1152
Eva,Robertson,1153
Ben,Hunt,1154
Amy,Black,1155
Dan,Daniels,1156
Ivy,Palmer,1157
Max,Mills,1158
Zoe,Nichols,1159
Leo,Grant,1160
Mia,Knight,1161
Rex,Ferguson,1162
Eva,Rose,1163
Ben,Stone,1164
Amy,Hawkins,1165
Dan,Dunn,1166
Ivy,Perkins,1167
Max,Hudson,1168
Zoe,Spencer,1169
Leo,Gardner,1170
Mia,Stephens,1171
Rex,Payne,1172
Eva,Pierce,1173
Ben,Berry,1174
Amy,Matthews,1175
Dan,Arnold,1176
Ivy,Wagner,1177
Max,Willis,1178
Zoe,Ray,1179
Leo,Watkins,1180
Mia,Olson,1181
Rex,Carroll,1182
Eva,Duncan,1183
Ben,Snyder,1184
Amy,Hart,1185
Dan,Cunningham,1186
Ivy,Bradley,1187
Max,Lane,1188
Zoe,Andrews,1189
Leo,Ruiz,1190
Mia,Harper,1191
Rex,Fox,1192
Eva,Riley,1193
Ben,Armstrong,1194
Amy,Carpenter,1195
Dan,Weaver,1196
Ivy,Greene,1197
Max,Lawrence,1198
Zoe,Elliott,1199
Leo,Chavez,1200
Mia,Sims,1201
Rex,Peters,1202
Eva,Kelley,1203
Ben,Franklin,1204
Amy,Lawson,1205
Dan,Fields,1206
Ivy,Gutierrez,1207
Max,Schmidt,1208
Zoe,Carr,1209
Leo,Vasquez,1210
Mia,Castillo,1211
Rex,Wheeler,1212
Eva,Chapman,1213
Ben,Oliver,1214
Amy,Montgomery,1215
Dan,Richards,1216
Ivy,Williamson,1217
Max,Johnston,1218
Zoe,Banks,1219
Leo,Meyer,1220
Mia,Bishop,1221
Rex,Mccoy,1222
Eva,Howell,1223
Ben,Alvarez,1224
Amy,Morrison,1225
Dan,Hansen,1226
Ivy,Fernandez,1227
Max,Garza,1228
Zoe,Harvey,1229
Leo,Little,1230
Mia,Burton,1231
Rex,Stanley,1232
Eva,Nguyen,1233
Ben,George,1234
Amy,Jacobs,1235
Dan,Reid,1236
Ivy,Kim,1237
Max,Fuller,1238
Zoe,Lynch,1239
Leo,Dean,1240
Mia,Gilbert,1241
Rex,Garrett,1242
Eva,Romero,1243
Ben,Welch,1244
Amy,Larson,1245
Dan,Frazier,1246
Ivy,Burke,1247
Max,Hanson,1248
Zoe,Day,1249
Leo,Mendoza,1250
Mia,Moreno,1251
Rex,Bowman,1252
Eva,Medina,1253
Ben,Fowler,1254
Amy,Brewer,1255
Dan,Hoffman,1256
Ivy,Carlson,1257
Max,Silva,1258
Zoe,Pearson,1259
Leo,Holland,1260
Mia,Douglas,1261
Rex,Fleming,1262
Eva,Jensen,1263
Ben,Vargas,1264
Amy,Byrd,1265
Dan,Davidson,1266
Ivy,Hopkins,1267
Max,May,1268
Zoe,Terry,1269
Leo,Herrera,1270
Mia,Wade,1271
Rex,Soto,1272
Eva,Walters,1273
Ben,Curtis,1274
Amy,Neal,1275
Dan,Caldwell,1276
Ivy,Lowe,1277
Max,Jennings,1278
Zoe,Barnett,1279
Leo,Graves,1280
Mia,Jimenez,1281
Rex,Horton,1282
Eva,Shelton,1283
Ben,Barrett,1284
Amy,Obrien,1285
Dan,Castro,1286
Ivy,Sutton,1287
Max,Gregory,1288
Zoe,Mckinney,1289
Leo,Lucas,1290
Mia,Miles,1291
Rex,Craig,1292
Eva,Rodriquez,1293
Ben,Chambers,1294
Amy,Holt,1295
Dan,Lambert,1296
Ivy,Fletcher,1297
Max,Watts,1298
Zoe,Bates,1299
Leo,Hale,1300
Mia,Rhodes,1301
Rex,Pena,1302
Eva,Beck,1303
Ben,Newman,1304
Amy,Haynes,1305
Dan,Mcdaniel,1306
Ivy,Mendez,1307
Max,Bush,1308
Zoe,Vaughn,1309
Leo,Parks,1310
Mia,Dawson,1311
Rex,Santiago,1312
Eva,Norris,1313
Ben,Hardy,1314
Amy,Love,1315
Dan,Steele,1316
Ivy,Curry,1317
Max,Powers,1318
Zoe,Schultz,1319
Leo,Barker,1320
Mia,Guzman,1321
Rex,Page,1322
Eva,Munoz,1323
Ben,Ball,1324
Amy,Keller,1325
Dan,Chandler,1326
Ivy,Weber,1327
Max,Leonard,1328
Zoe,Walsh,1329
Leo,Lyons,1330
Mia,Ramsey,1331
Rex,Wolfe,1332
Eva,Schneider,1333
Ben,Mullins,1334
Amy,Benson,1335
Dan,Sharp,1336
Ivy,Bowen,1337
Max,Daniel,1338
Zoe,Barber,1339
Leo,Cummings,1340
Mia,Hines,1341
Rex,Baldwin,1342
Eva,Griffith,1343
Ben,Valdez,1344
Amy,Hubbard,1345
Dan,Salazar,1346
Ivy,Reeves,1347
Max,Warner,1348
Zoe,Stevenson,1349
Leo,Burgess,1350
Mia,Santos,1351
Rex,Tate,1352
Eva,Cross,1353
Ben,Garner,1354
Amy,Mann,1355
Dan,Mack,1356
Ivy,Moss,1357
Max,Thornton,1358
Zoe,Dennis,1359
Leo,Mcgee,1360
Mia,Farmer,1361
Rex,Delgado,1362
Eva,Aguilar,1363
Ben,Vega,1364
Amy,Glover,1365
Dan,Manning,1366
Ivy,Cohen,1367
Max,Harmon,1368
Zoe,Rodgers,1369
Leo,Robbins,1370
Mia,Newton,1371
Rex,Todd,1372
Eva,Blair,1373
Ben,Higgins,1374
Amy,Ingram,1375
Dan,Reese,1376
Ivy,Cannon,1377
Max,Strickland,1378
Zoe,Townsend,1379
Leo,Potter,1380
Mia,Goodwin,1381
Rex,Walton,1382
Eva,Rowe,1383
Ben,Hampton,1384
Amy,Ortega,1385
Dan,Patton,1386
Ivy,Swanson,1387
Max,Joseph,1388
Zoe,Francis,1389
Leo,Goodman,1390
Mia,Maldonado,1391
Rex,Yates,1392
Eva,Becker,1393
Ben,Erickson,1394
Amy,Hodges,1395
Dan,Rios,1396
Ivy,Conner,1397
Max,Adkins,1398
Zoe,Webster,1399
Leo,Norman,1400
Mia,Malone,1401
Rex,Hammond,1402
Eva,Flowers,1403
Ben,Cobb,1404
Amy,Moody,1405
Dan,Quinn,1406
Ivy,Blake,1407
Max,Maxwell,1408
Zoe,Pope,1409
Leo,Floyd,1410
Mia,Osborne,1411
Rex,Paul,1412
Eva,Mccarthy,1413
Ben,Guerrero,1414
Amy,Lindsey,1415
Dan,Estrada,1416
Ivy,Sandoval,1417
Max,Gibbs,1418
Zoe,Tyler,1419
Leo,Gross,1420
Mia,Fitzgerald,1421
Rex,Stokes,1422
Eva,Doyle,1423
Ben,Sherman,1424
Amy,Saunders,1425
Dan,Wise,1426
Ivy,Colon,1427
Max,Gill,1428
Zoe,Alvarado,1429
Leo,Greer,1430
Mia,Padilla,1431
Rex,Simon,1432
Eva,Waters,1433
Ben,Nunez,1434
Amy,Ballard,1435
Dan,Schwartz,1436
Ivy,Mcbride,1437
Max,Houston,1438
Zoe,Christensen,1439
Leo,Klein,1440
Mia,Pratt,1441
Rex,Briggs,1442
Eva,Parsons,1443
Ben,Mclaughlin,1444
Amy,Zimmerman,1445
Dan,French,1446
Ivy,Buchanan,1447
Max,Moran,1448
Zoe,Copeland,1449
Leo,Roy,1450
Mia,Pittman,1451
Rex,Brady,1452
Eva,Mccormick,1453
Ben,Holloway,1454
Amy,Brock,1455
Dan,Poole,1456
Ivy,Frank,1457
Max,Logan,1458
Zoe,Owen,1459
Leo,Bass,1460
Mia,Marsh,1461
Rex,Drake,1462
Eva,Wong,1463
Ben,Jefferson,1464
Amy,Park,1465
Dan,Morton,1466
Ivy,Abbott,1467
Max,Sparks,1468
Zoe,Patrick,1469
Leo,Norton,1470
Mia,Huff,1471
Rex,Clayton,1472
Eva,Massey,1473
Ben,Lloyd,1474
Amy,Figueroa,1475
Dan,Carson,1476
Ivy,Bowers,1477
Max,Roberson,1478
Zoe,Barton,1479
Leo,Tran,1480
Mia,Lamb,1481
Rex,Harrington,1482
Eva,Casey,1483
Ben,Boone,1484
Amy,Cortez,1485
Dan,Clarke,1486
Ivy,Mathis,1487
Max,Singleton,1488
Zoe,Wilkins,1489
Leo,Cain,1490
Mia,Bryan,1491
Rex,Underwood,1492
Eva,Hogan,1493
Ben,Mckenzie,1494
Amy,Collier,1495
Dan,Luna,1496
Ivy,Phelps,1497
Max,Mcguire,1498
Zoe,Allison,1499
Leo,Bridges,1500
Mia,Wilkerson,1501
Rex,Nash,1502
Eva,Summers,1503
Ben,Atkins,1504
Amy,Wilcox,1505
Dan,Pitts,1506
Ivy,Conley,1507
Max,Marquez,1508
Zoe,Burnett,1509
Leo,Richard,1510
Mia,Cochran,1511
Rex,Chase,1512
Eva,Davenport,1513
Ben,Hood,1514
Amy,Gates,1515
Dan,Clay,1516
Ivy,Ayala,1517
Max,Sawyer,1518
Zoe,Roman,1519
Leo,Vazquez,1520
Mia,Dickerson,1521
Rex,Hodge,1522
Eva,Acosta,1523
Ben,Flynn,1524
Amy,Espinoza,1525
Dan,Nicholson,1526
Ivy,Monroe,1527
Max,Wolf,1528
Zoe,Morrow,1529
Leo,Kirk,1530
Mia,Ellison,1531
Rex,Sloan,1532
Eva,Frederick,1533
Ben,Dyer,1534
Amy,Crawford,1535
Dan,Wise,1536
Ivy,Booth,1537
Max,Nolan,1538
Zoe,Mathews,1539
Leo,Goodman,1540
Mia,Benton,1541
Rex,Huynh,1542
Eva,Morse,1543
Ben,Duran,1544
Amy,Benjamin,1545
Dan,Skinner,1546
Ivy,Solis,1547
Max,Nicholson,1548
Zoe,Holden,1549
Leo,Lara,1550
Mia,Dominguez,1551
Rex,Crosby,1552
Eva,Daniels,1553
Ben,Robins,1554
Amy,Morse,1555
Dan,Cordova,1556
Ivy,Oconnor,1557
Max,Doyle,1558
Zoe,Holland,1559
Leo,Downs,1560
Mia,Fitzpatrick,1561
Rex,Mccarty,1562
Eva,Conrad,1563
Ben,Booth,1564
Amy,Weaver,1565
Dan,Chen,1566
Ivy,Edwards,1567
Max,Cochran,1568
Zoe,Boyle,1569
Leo,Stanton,1570
Mia,Cherry,1571
Rex,Roach,1572
Eva,Shore,1573
Ben,Glass,1574
Amy,Boyle,1575
Dan,Hutchinson,1576
Ivy,Harrell,1577
Max,Huffman,1578
Zoe,Key,1579
Leo,Bonner,1580
Mia,Merritt,1581
Rex,English,1582
Eva,Church,1583
Ben,Bauer,1584
Amy,Peck,1585
Dan,Ashley,1586
Ivy,House,1587
Max,Blackwell,1588
Zoe,Christensen,1589
Leo,Ware,1590
Mia,Coffey,1591
Rex,Henriquez,1592
Eva,Adkins,1593
Ben,Moon,1594
Amy,Mcconnell,1595
Dan,Sellers,1596
Ivy,Proctor,1597
Max,Knapp,1598
Zoe,Burns,1599
Leo,Emerson,1600
Mia,Yang,1601
Rex,Bartlett,1602
Eva,Hester,1603
Ben,Donovan,1604
Amy,Petersen,1605
Dan,Cantrell,1606
Ivy,Shields,1607
Max,Chaney,1608
Zoe,Wong,1609
Leo,Cabrera,1610
Mia,Curtis,1611
Rex,Lester,1612
Eva,Kramer,1613
Ben,Lamb,1614
Amy,Estes,1615
Dan,Petty,1616
Ivy,Howard,1617
Max,Costa,1618
Zoe,Gallagher,1619
Leo,Russo,1620
Mia,Sheppard,1621
Rex,Day,1622
Eva,Petersen,1623
Ben,Mcbride,1624
Amy,Garcia,1625
Dan,Mayo,1626
Ivy,Solomon,1627
Max,Branch,1628
Zoe,Vincent,1629
Leo,Austin,1630
Mia,Zhang,1631
Rex,Donaldson,1632
Eva,Santos,1633
Ben,Barron,1634
Amy,Shea,1635
Dan,Horne,1636
Ivy,Bartlett,1637
Max,Stephenson,1638
Zoe,Waller,1639
Leo,Huber,1640
Mia,Dawson,1641
Rex,Steele,1642
Eva,Martin,1643
Ben,Potts,1644
Amy,Horton,1645
Dan,Michael,1646
Ivy,Reynolds,1647
Max,Frederick,1648
Zoe,Cameron,1649
Leo,Savage,1650
Mia,Decker,1651
Rex,Patel,1652
Eva,Hutchins,1653
Ben,Beard,1654
Amy,Griffin,1655
Dan,Savage,1656
Ivy,Rasmussen,1657
Max,Stafford,1658
Zoe,Glover,1659
Leo,Lang,1660
Mia,Little,1661
Rex,Prince,1662
Eva,Galloway,1663
Ben,Buchanan,1664
Amy,Bird,1665
Dan,Hodges,1666
Ivy,Zhang,1667
Max,Mclean,1668
Zoe,Lucas,1669
Leo,Warren,1670
Mia,Stone,1671
Rex,Bray,1672
Eva,Christensen,1673
Ben,Winters,1674
Amy,Roth,1675
Dan,Conway,1676
Ivy,Glass,1677
Max,Crane,1678
Zoe,Bauer,1679
Leo,Johns,1680
Mia,Fischer,1681
Rex,Hurst,1682
Eva,Mathews,1683
Ben,Fischer,1684
Amy,Garrison,1685
Dan,Joseph,1686
Ivy,Doyle,1687
Max,Dickerson,1688
Zoe,Wiley,1689
Leo,Mckinney,1690
Mia,Oneill,1691
Rex,Fischer,1692
Eva,Gay,1693
Ben,Katelyn,1694
Amy,Foley,1695
Dan,Case,1696
Ivy,Salinas,1697
Max,Richardson,1698
Zoe,Bird,1699
Leo,Mclean,1700
Mia,Booth,1701
Rex,Savage,1702
Eva,Pittman,1703
Ben,Gould,1704
Amy,Vaughn,1705
Dan,Sequoia,1706
Ivy,Horne,1707
Max,Crane,1708
Zoe,Glass,1709
Leo,Johns,1710
Mia,Fischer,1711
Rex,Hurst,1712
Eva,Mathews,1713
Ben,Fischer,1714
Amy,Garrison,1715
Dan,Joseph,1716
Ivy,Doyle,1717
Max,Dickerson,1718
Zoe,Wiley,1719
Leo,Mckinney,1720
Mia,Oneill,1721
Rex,Fischer,1722
Eva,Gay,1723
Ben,Katelyn,1724
Amy,Foley,1725
Dan,Case,1726
Ivy,Salinas,1727
Max,Richardson,1728
Zoe,Bird,1729
Leo,Mclean,1730
Mia,Booth,1731
Rex,Savage,1732
Eva,Pittman,1733
Ben,Gould,1734
Amy,Vaughn,1735
Dan,Sequoia,1736
Ivy,Horne,1737
Max,Crane,1738
Zoe,Glass,1739
Leo,Johns,1740
Mia,Fischer,1741
Rex,Hurst,1742
Eva,Mathews,1743
Ben,Fischer,1744
Amy,Garrison,1745
Dan,Joseph,1746
Ivy,Doyle,1747
Max,Dickerson,1748
Zoe,Wiley,1749
Leo,Mckinney,1750
Mia,Oneill,1751
Rex,Fischer,1752
Eva,Gay,1753
Ben,Katelyn,1754
Amy,Foley,1755
Dan,Case,1756
Ivy,Salinas,1757
Max,Richardson,1758
Zoe,Bird,1759
Leo,Mclean,1760
Mia,Booth,1761
Rex,Savage,1762
Eva,Pittman,1763
Ben,Gould,1764
Amy,Vaughn,1765
Dan,Sequoia,1766
Ivy,Horne,1767
Max,Crane,1768
Zoe,Glass,1769
Leo,Johns,1770
Mia,Fischer,1771
Rex,Hurst,1772
Eva,Mathews,1773
Ben,Fischer,1774
Amy,Garrison,1775
Dan,Joseph,1776
Ivy,Doyle,1777
Max,Dickerson,1778
Zoe,Wiley,1779
Leo,Mckinney,1780
Mia,Oneill,1781
Rex,Fischer,1782
Eva,Gay,1783
Ben,Katelyn,1784
Amy,Foley,1785
Dan,Case,1786
Ivy,Salinas,1787
Max,Richardson,1788
Zoe,Bird,1789
Leo,Mclean,1790
Mia,Booth,1791
Rex,Savage,1792
Eva,Pittman,1793
Ben,Gould,1794
Amy,Vaughn,1795
Dan,Sequoia,1796
Ivy,Horne,1797
Max,Crane,1798
Zoe,Glass,1799
Leo,Johns,1800
Mia,Fischer,1801
Rex,Hurst,1802
Eva,Mathews,1803
Ben,Fischer,1804
Amy,Garrison,1805
Dan,Joseph,1806
Ivy,Doyle,1807
Max,Dickerson,1808
Zoe,Wiley,1809
Leo,Mckinney,1810
Mia,Oneill,1811
Rex,Fischer,1812
Eva,Gay,1813
Ben,Katelyn,1814
Amy,Foley,1815
Dan,Case,1816
Ivy,Salinas,1817
Max,Richardson,1818
Zoe,Bird,1819
Leo,Mclean,1820
Mia,Booth,1821
Rex,Savage,1822
Eva,Pittman,1823
Ben,Gould,1824
Amy,Vaughn,1825
Dan,Sequoia,1826
Ivy,Horne,1827
Max,Crane,1828
Zoe,Glass,1829
Leo,Johns,1830
Mia,Fischer,1831
Rex,Hurst,1832
Eva,Mathews,1833
Ben,Fischer,1834
Amy,Garrison,1835
Dan,Joseph,1836
Ivy,Doyle,1837
Max,Dickerson,1838
Zoe,Wiley,1839
Leo,Mckinney,1840
Mia,Oneill,1841
Rex,Fischer,1842
Eva,Gay,1843
Ben,Katelyn,1844
Amy,Foley,1845
Dan,Case,1846
Ivy,Salinas,1847
Max,Richardson,1848
Zoe,Bird,1849
Leo,Mclean,1850
Mia,Booth,1851
Rex,Savage,1852
Eva,Pittman,1853
Ben,Gould,1854
Amy,Vaughn,1855
Dan,Sequoia,1856
Ivy,Horne,1857
Max,Crane,1858
Zoe,Glass,1859
Leo,Johns,1860
Mia,Fischer,1861
Rex,Hurst,1862
Eva,Mathews,1863
Ben,Fischer,1864
Amy,Garrison,1865
Dan,Joseph,1866
Ivy,Doyle,1867
Max,Dickerson,1868
Zoe,Wiley,1869
Leo,Mckinney,1870
Mia,Oneill,1871
Rex,Fischer,1872
Eva,Gay,1873
Ben,Katelyn,1874
Amy,Foley,1875
Dan,Case,1876
Ivy,Salinas,1877
Max,Richardson,1878
Zoe,Bird,1879
Leo,Mclean,1880
Mia,Booth,1881
Rex,Savage,1882
Eva,Pittman,1883
Ben,Gould,1884
Amy,Vaughn,1885
Dan,Sequoia,1886
Ivy,Horne,1887
Max,Crane,1888
Zoe,Glass,1889
Leo,Johns,1890
Mia,Fischer,1891
Rex,Hurst,1892
Eva,Mathews,1893
Ben,Fischer,1894
Amy,Garrison,1895
Dan,Joseph,1896
Ivy,Doyle,1897
Max,Dickerson,1898
Zoe,Wiley,1899
Leo,Mckinney,1900
Mia,Oneill,1901
Rex,Fischer,1902
Eva,Gay,1903
Ben,Katelyn,1904
Amy,Foley,1905
Dan,Case,1906
Ivy,Salinas,1907
Max,Richardson,1908
Zoe,Bird,1909
Leo,Mclean,1910
Mia,Booth,1911
Rex,Savage,1912
Eva,Pittman,1913
Ben,Gould,1914
Amy,Vaughn,1915
Dan,Sequoia,1916
Ivy,Horne,1917
Max,Crane,1918
Zoe,Glass,1919
Leo,Johns,1920
Mia,Fischer,1921
Rex,Hurst,1922
Eva,Mathews,1923
Ben,Fischer,1924
Amy,Garrison,1925
Dan,Joseph,1926
Ivy,Doyle,1927
Max,Dickerson,1928
Zoe,Wiley,1929
Leo,Mckinney,1930
Mia,Oneill,1931
Rex,Fischer,1932
Eva,Gay,1933
Ben,Katelyn,1934
Amy,Foley,1935
Dan,Case,1936
Ivy,Salinas,1937
Max,Richardson,1938
Zoe,Bird,1939
Leo,Mclean,1940
Mia,Booth,1941
Rex,Savage,1942
Eva,Pittman,1943
Ben,Gould,1944
Amy,Vaughn,1945
Dan,Sequoia,1946
Ivy,Horne,1947
Max,Crane,1948
Zoe,Glass,1949
Leo,Johns,1950
Mia,Fischer,1951
Rex,Hurst,1952
Eva,Mathews,1953
Ben,Fischer,1954
Amy,Garrison,1955
Dan,Joseph,1956
Ivy,Doyle,1957
Max,Dickerson,1958
Zoe,Wiley,1959
Leo,Mckinney,1960
Mia,Oneill,1961
Rex,Fischer,1962
Eva,Gay,1963
Ben,Katelyn,1964
Amy,Foley,1965
Dan,Case,1966
Ivy,Salinas,1967
Max,Richardson,1968
Zoe,Bird,1969
Leo,Mclean,1970
Mia,Booth,1971
Rex,Savage,1972
Eva,Pittman,1973
Ben,Gould,1974
Amy,Vaughn,1975
Dan,Sequoia,1976
Ivy,Horne,1977
Max,Crane,1978
Zoe,Glass,1979
Leo,Johns,1980
Mia,Fischer,1981
Rex,Hurst,1982
Eva,Mathews,1983
Ben,Fischer,1984
Amy,Garrison,1985
Dan,Joseph,1986
Ivy,Doyle,1987
Max,Dickerson,1988
Zoe,Wiley,1989
Leo,Mckinney,1990
Mia,Oneill,1991
Rex,Fischer,1992
Eva,Gay,1993
Ben,Katelyn,1994
Amy,Foley,1995
Dan,Case,1996
Ivy,Salinas,1997
Max,Richardson,1998
Zoe,Bird,1999
Leo,Mclean,2000