Full Name,Ticket
John Smith,T001
Sarah Johnson,T002
Michael Brown,T003
Emma Davis,T004
James Wilson,T005
Ashley Miller,T006
David Moore,T007
Jessica Taylor,T008
Christopher Anderson,T009
Amanda Thomas,T010
Matthew Jackson,T011
Jennifer White,T012
Daniel Harris,T013
Lisa Martin,T014
Andrew Thompson,T015
Nicole Garcia,T016
Joshua Martinez,T017
Michelle Robinson,T018
Ryan Clark,T019
Stephanie Rodriguez,T020
Kevin Lewis,T021
Rachel Lee,T022
Brandon Walker,T023
Samantha Hall,T024
Tyler Allen,T025
Kimberly Young,T026
Justin Hernandez,T027
Lauren King,T028
Nathan Wright,T029
Brittany Lopez,T030
Jacob Hill,T031
Megan Scott,T032
Ethan Green,T033
Kayla Adams,T034
Noah Baker,T035
Alexis Gonzalez,T036
Logan Nelson,T037
Hannah Carter,T038
Caleb Mitchell,T039
Sydney Perez,T040
Mason Roberts,T041
Taylor Turner,T042
Jayden Phillips,T043
Destiny Campbell,T044
Connor Parker,T045
Jasmine Evans,T046
Hunter Edwards,T047
Brooke Collins,T048
Blake Stewart,T049
Paige Sanchez,T050