Name,TicketNumber
Sarah Johnson,CHR-0001
Michael Chen,CHR-0002
Emily Rodriguez,CHR-0003
David Kim,CHR-0004
Jessica Taylor,CHR-0005
Christopher Lee,CHR-0006
Amanda Martinez,CHR-0007
Ryan Thompson,CHR-0008
Michelle Brown,CHR-0009
Kevin Davis,CHR-0010
Laura Wilson,CHR-0011
James Miller,CHR-0012
Sophia Garcia,CHR-0013
Daniel Anderson,CHR-0014
Olivia White,CHR-0015
Matthew Harris,CHR-0016
Emma Clark,CHR-0017
Joseph Lewis,CHR-0018
Isabella Walker,CHR-0019
Andrew Hall,CHR-0020
Mia Allen,CHR-0021
William Young,CHR-0022
Ava King,CHR-0023
Alexander Wright,CHR-0024
Charlotte Scott,CHR-0025
Ethan Green,CHR-0026
Amelia Baker,CHR-0027
Benjamin Adams,CHR-0028
Harper Nelson,CHR-0029
Lucas Carter,CHR-0030
Evelyn Mitchell,CHR-0031
Mason Perez,CHR-0032
Abigail Roberts,CHR-0033
Logan Turner,CHR-0034
Ella Phillips,CHR-0035
Jacob Campbell,CHR-0036
Avery Parker,CHR-0037
Jackson Evans,CHR-0038
Scarlett Edwards,CHR-0039
Aiden Collins,CHR-0040
Grace Stewart,CHR-0041
Samuel Sanchez,CHR-0042
Chloe Morris,CHR-0043
Henry Murphy,CHR-0044
Lily Cook,CHR-0045
Sebastian Rogers,CHR-0046
Zoe Morgan,CHR-0047
Carter Bell,CHR-0048
Penelope Cooper,CHR-0049
Jayden Bailey,CHR-0050