full_name,entry_code
Michael Anderson,CORP2024001
Sarah Williams,CORP2024002
James Thompson,CORP2024003
Jennifer Martinez,CORP2024004
Robert Johnson,CORP2024005
Lisa Rodriguez,CORP2024006
David Wilson,CORP2024007
Mary Brown,CORP2024008
Christopher Davis,CORP2024009
Patricia Miller,CORP2024010
Matthew Garcia,CORP2024011
Elizabeth Jones,CORP2024012
Daniel Smith,CORP2024013
Barbara Taylor,CORP2024014
Joseph Anderson,CORP2024015
Susan Thomas,CORP2024016
Andrew Jackson,CORP2024017
Karen White,CORP2024018
Ryan Harris,CORP2024019
Nancy Martin,CORP2024020
Kevin Lee,CORP2024021
Laura Walker,CORP2024022
Brian Hall,CORP2024023
Amy Allen,CORP2024024
Steven Young,CORP2024025
Michelle King,CORP2024026
Gary Wright,CORP2024027
Donna Lopez,CORP2024028
Edward Hill,CORP2024029
Carol Scott,CORP2024030
Raymond Green,CORP2024031
Deborah Adams,CORP2024032
Jose Baker,CORP2024033
Martha Nelson,CORP2024034
Frank Carter,CORP2024035
Christine Mitchell,CORP2024036
Stephen Perez,CORP2024037
Janet Roberts,CORP2024038
Gregory Turner,CORP2024039
Catherine Phillips,CORP2024040
Harold Campbell,CORP2024041
Ruth Parker,CORP2024042
Dennis Evans,CORP2024043
Sharon Edwards,CORP2024044
Jerry Collins,CORP2024045
Helen Stewart,CORP2024046
Walter Sanchez,CORP2024047
Brenda Morris,CORP2024048
Carl Rogers,CORP2024049
Virginia Reed,CORP2024050
Roger Cook,CORP2024051
Pamela Morgan,CORP2024052
Joe Bell,CORP2024053
Diane Murphy,CORP2024054
Eric Bailey,CORP2024055
Alice Rivera,CORP2024056
Bryan Cooper,CORP2024057
Gloria Richardson,CORP2024058
Willie Cox,CORP2024059
Joyce Howard,CORP2024060
Alan Ward,CORP2024061
Rita Torres,CORP2024062
Juan Peterson,CORP2024063
Dawn Gray,CORP2024064
Henry Ramirez,CORP2024065
Mildred James,CORP2024066
Eugene Watson,CORP2024067
Katherine Brooks,CORP2024068
Ralph Kelly,CORP2024069
Judith Sanders,CORP2024070
Jesse Price,CORP2024071
Rose Bennett,CORP2024072
Jack Wood,CORP2024073
Doris Barnes,CORP2024074
Billy Ross,CORP2024075