ParticipantName,EntryNumber
"Smith, John",TK-001
"Johnson, Mary",TK-002
"Williams, Robert",TK-003
"Brown, Patricia",TK-004
"Davis, Michael",TK-005
"Miller, Linda",TK-006
"Wilson, William",TK-007
"Moore, Elizabeth",TK-008
"Taylor, David",TK-009
"Anderson, Barbara",TK-010
"Thomas, Richard",TK-011
"Jackson, Susan",TK-012
"White, Joseph",TK-013
"Harris, Jessica",TK-014
"Martin, Thomas",TK-015
"Thompson, Sarah",TK-016
"Garcia, Charles",TK-017
"Martinez, Karen",TK-018
"Robinson, Christopher",TK-019
"Clark, Nancy",TK-020