ParticipantName,RaffleNumber
Ashley Thompson,R100
Brandon Lee,R101
Caitlin Murphy,R102
Derek Chen,R103
Emma Watson,R104
Frank Rodriguez,R105
Grace Kim,R106
Henry Wilson,R107
Isabella Martinez,R108
Jack Anderson,R109
Kelly O'Brien,R110
Liam Johnson,R111
Madison Taylor,R112
Nathan Brown,R113
Olivia Davis,R114
Patrick Miller,R115
Quinn Jackson,R116
Rachel White,R117
Samuel Harris,R118
Taylor Clark,R119
Ursula Lewis,R120
Vincent Hall,R121
Whitney Young,R122
Xavier King,R123
Yasmine Wright,R124
Zachary Scott,R125